粉丝数, 时间
10058,Thu Jul 28 02:04:54 2022
10059,Thu Jul 28 03:10:38 2022
10062,Thu Jul 28 05:03:53 2022
10065,Thu Jul 28 06:46:45 2022
10072,Thu Jul 28 08:44:39 2022
10076,Thu Jul 28 10:43:01 2022
10078,Thu Jul 28 13:13:17 2022
10084,Thu Jul 28 14:40:25 2022
10086,Thu Jul 28 17:00:55 2022
10088,Thu Jul 28 18:47:34 2022
10088,Thu Jul 28 20:39:47 2022
10090,Thu Jul 28 22:38:15 2022
10098,Fri Jul 29 03:00:36 2022
10102,Fri Jul 29 05:06:29 2022
10104,Fri Jul 29 06:47:17 2022
10108,Fri Jul 29 08:43:45 2022
10109,Fri Jul 29 10:43:39 2022
10111,Fri Jul 29 13:13:04 2022
10113,Fri Jul 29 14:36:40 2022
10115,Fri Jul 29 16:55:32 2022
10117,Fri Jul 29 18:46:30 2022
10119,Fri Jul 29 20:40:04 2022
10120,Fri Jul 29 22:38:51 2022
10124,Sat Jul 30 02:51:08 2022
10124,Sat Jul 30 04:58:40 2022
10126,Sat Jul 30 06:43:40 2022
10126,Sat Jul 30 08:42:15 2022
10128,Sat Jul 30 10:39:05 2022
10129,Sat Jul 30 12:58:30 2022
10129,Sat Jul 30 14:36:17 2022
10129,Sat Jul 30 16:51:07 2022
10129,Sat Jul 30 18:42:27 2022
10129,Sat Jul 30 20:37:23 2022
10130,Sat Jul 30 22:37:31 2022
10132,Sun Jul 31 02:57:42 2022
10133,Sun Jul 31 04:56:17 2022
10134,Sun Jul 31 06:43:48 2022
10135,Sun Jul 31 08:40:55 2022
10134,Sun Jul 31 10:39:16 2022
10135,Sun Jul 31 13:00:59 2022
10139,Sun Jul 31 14:36:15 2022
10142,Sun Jul 31 16:50:42 2022
10142,Sun Jul 31 18:42:20 2022
10143,Sun Jul 31 20:38:06 2022
10143,Sun Jul 31 22:37:38 2022
10146,Mon Aug  1 03:06:56 2022
10147,Mon Aug  1 05:39:03 2022
10149,Mon Aug  1 06:59:10 2022
10150,Mon Aug  1 08:45:39 2022
10150,Mon Aug  1 10:44:08 2022
10153,Mon Aug  1 13:21:40 2022
10153,Mon Aug  1 14:38:40 2022
10155,Mon Aug  1 16:59:26 2022
10155,Mon Aug  1 18:49:42 2022
10154,Mon Aug  1 20:41:32 2022
10154,Mon Aug  1 22:40:13 2022
10153,Tue Aug  2 03:09:08 2022
10155,Tue Aug  2 05:30:57 2022
10155,Tue Aug  2 06:46:09 2022
10155,Tue Aug  2 08:46:57 2022
10155,Tue Aug  2 10:44:46 2022
10155,Tue Aug  2 13:10:39 2022
10158,Tue Aug  2 14:38:31 2022
10158,Tue Aug  2 16:59:42 2022
10160,Tue Aug  2 18:44:39 2022
10162,Tue Aug  2 20:39:22 2022
10162,Tue Aug  2 22:40:39 2022
10163,Wed Aug  3 02:56:26 2022
10166,Wed Aug  3 05:27:04 2022
10167,Wed Aug  3 06:45:37 2022
10168,Wed Aug  3 08:47:30 2022
10168,Wed Aug  3 10:40:00 2022
10168,Wed Aug  3 13:12:06 2022
10171,Wed Aug  3 14:37:30 2022
10172,Wed Aug  3 16:54:33 2022
10172,Wed Aug  3 18:44:57 2022
10172,Wed Aug  3 20:39:19 2022
10172,Wed Aug  3 22:39:59 2022
10172,Thu Aug  4 02:38:57 2022
10178,Thu Aug  4 05:07:58 2022
10181,Thu Aug  4 06:48:18 2022
10182,Thu Aug  4 08:48:39 2022
10182,Thu Aug  4 10:42:50 2022
10184,Thu Aug  4 13:10:00 2022
10188,Thu Aug  4 14:37:09 2022
10192,Thu Aug  4 16:58:27 2022
10194,Thu Aug  4 18:45:31 2022
10194,Thu Aug  4 20:39:18 2022
10194,Thu Aug  4 22:38:45 2022
10197,Fri Aug  5 02:54:49 2022
10198,Fri Aug  5 05:08:13 2022
10200,Fri Aug  5 06:46:39 2022
10201,Fri Aug  5 08:43:03 2022
10200,Fri Aug  5 10:40:25 2022
10200,Fri Aug  5 13:12:13 2022
10200,Fri Aug  5 14:38:53 2022
10211,Fri Aug  5 17:00:06 2022
10211,Fri Aug  5 18:44:41 2022
10212,Fri Aug  5 20:38:58 2022
10213,Fri Aug  5 22:38:37 2022
10218,Sat Aug  6 02:33:18 2022
10220,Sat Aug  6 04:48:24 2022
10220,Sat Aug  6 06:44:02 2022
10219,Sat Aug  6 08:42:14 2022
10220,Sat Aug  6 10:39:14 2022
10222,Sat Aug  6 12:58:47 2022
10225,Sat Aug  6 14:36:23 2022
10229,Sat Aug  6 16:50:55 2022
10231,Sat Aug  6 18:42:55 2022
10232,Sat Aug  6 20:37:40 2022
10232,Sat Aug  6 22:37:42 2022
10239,Sun Aug  7 02:39:59 2022
10242,Sun Aug  7 04:48:54 2022
10245,Sun Aug  7 06:44:17 2022
10249,Sun Aug  7 08:40:54 2022
10252,Sun Aug  7 10:39:12 2022
10253,Sun Aug  7 12:59:29 2022
10254,Sun Aug  7 14:36:09 2022
10254,Sun Aug  7 16:50:39 2022
10254,Sun Aug  7 18:42:58 2022
10254,Sun Aug  7 20:38:17 2022
10254,Sun Aug  7 22:38:11 2022
10259,Mon Aug  8 02:39:16 2022
10263,Mon Aug  8 04:58:24 2022
10264,Mon Aug  8 06:48:52 2022
10267,Mon Aug  8 08:45:58 2022
10270,Mon Aug  8 10:41:35 2022
10271,Mon Aug  8 13:13:19 2022
10272,Mon Aug  8 14:37:46 2022
10275,Mon Aug  8 16:56:25 2022
10275,Mon Aug  8 18:45:25 2022
10275,Mon Aug  8 20:39:20 2022
10275,Mon Aug  8 22:40:02 2022
10278,Tue Aug  9 02:52:57 2022
10278,Tue Aug  9 05:02:50 2022
10278,Tue Aug  9 06:47:31 2022
10280,Tue Aug  9 08:42:59 2022
10280,Tue Aug  9 10:42:07 2022
10280,Tue Aug  9 13:21:15 2022
10279,Tue Aug  9 14:39:04 2022
10283,Tue Aug  9 16:55:07 2022
10283,Tue Aug  9 18:44:46 2022
10283,Tue Aug  9 20:39:58 2022
10283,Tue Aug  9 22:39:05 2022
10287,Wed Aug 10 02:19:42 2022
10288,Wed Aug 10 03:24:31 2022
10290,Wed Aug 10 04:47:25 2022
10292,Wed Aug 10 06:47:39 2022
10294,Wed Aug 10 08:43:15 2022
10295,Wed Aug 10 10:40:55 2022
10296,Wed Aug 10 13:04:30 2022
10300,Wed Aug 10 14:37:22 2022
10306,Wed Aug 10 16:59:42 2022
10306,Wed Aug 10 18:45:04 2022
10307,Wed Aug 10 20:38:59 2022
10307,Wed Aug 10 22:38:55 2022
10312,Thu Aug 11 02:31:51 2022
10315,Thu Aug 11 04:50:39 2022
10319,Thu Aug 11 06:45:52 2022
10319,Thu Aug 11 08:42:53 2022
10322,Thu Aug 11 10:41:54 2022
10323,Thu Aug 11 13:10:53 2022
10325,Thu Aug 11 14:37:23 2022
10330,Thu Aug 11 16:54:13 2022
10334,Thu Aug 11 18:46:08 2022
10335,Thu Aug 11 20:38:44 2022
10335,Thu Aug 11 22:38:37 2022
10340,Fri Aug 12 02:37:56 2022
10347,Fri Aug 12 04:56:03 2022
10349,Fri Aug 12 06:47:09 2022
10350,Fri Aug 12 08:43:20 2022
10353,Fri Aug 12 10:43:21 2022
10357,Fri Aug 12 13:11:35 2022
10361,Fri Aug 12 14:37:48 2022
10365,Fri Aug 12 17:01:04 2022
10365,Fri Aug 12 18:45:31 2022
10365,Fri Aug 12 20:38:37 2022
10367,Fri Aug 12 22:39:32 2022
10370,Sat Aug 13 02:31:07 2022
10370,Sat Aug 13 04:49:13 2022
10369,Sat Aug 13 06:44:19 2022
10367,Sat Aug 13 08:42:43 2022
10367,Sat Aug 13 10:39:48 2022
10369,Sat Aug 13 12:59:13 2022
10370,Sat Aug 13 14:36:34 2022
10373,Sat Aug 13 16:50:41 2022
10375,Sat Aug 13 18:42:50 2022
10376,Sat Aug 13 20:38:15 2022
10377,Sat Aug 13 22:38:18 2022
10382,Sun Aug 14 02:51:49 2022
10384,Sun Aug 14 04:52:22 2022
10385,Sun Aug 14 06:44:44 2022
10387,Sun Aug 14 08:41:15 2022
10388,Sun Aug 14 10:39:32 2022
10390,Sun Aug 14 13:00:23 2022
10391,Sun Aug 14 14:36:52 2022
10392,Sun Aug 14 16:51:01 2022
10394,Sun Aug 14 18:42:48 2022
10394,Sun Aug 14 20:38:08 2022
10394,Sun Aug 14 22:38:27 2022
10397,Mon Aug 15 02:57:36 2022
10400,Mon Aug 15 05:22:30 2022
10401,Mon Aug 15 06:48:42 2022
10401,Mon Aug 15 08:44:32 2022
10403,Mon Aug 15 10:42:11 2022
10402,Mon Aug 15 13:12:11 2022
10404,Mon Aug 15 14:39:47 2022
10407,Mon Aug 15 16:59:34 2022
10408,Mon Aug 15 18:47:05 2022
10410,Mon Aug 15 20:39:03 2022
10410,Mon Aug 15 22:40:04 2022
10412,Tue Aug 16 02:56:18 2022
10413,Tue Aug 16 04:58:43 2022
10414,Tue Aug 16 06:46:14 2022
10414,Tue Aug 16 08:38:10 2022
10418,Tue Aug 16 10:38:38 2022
10424,Tue Aug 16 13:02:49 2022
10425,Tue Aug 16 14:36:21 2022
10428,Tue Aug 16 16:55:05 2022
10429,Tue Aug 16 18:47:33 2022
10429,Tue Aug 16 20:39:19 2022
10429,Tue Aug 16 22:40:32 2022
10434,Wed Aug 17 03:02:45 2022
10435,Wed Aug 17 05:28:00 2022
10435,Wed Aug 17 06:49:10 2022
10434,Wed Aug 17 08:44:24 2022
10435,Wed Aug 17 10:41:34 2022
10437,Wed Aug 17 13:22:35 2022
10436,Wed Aug 17 14:41:20 2022
10439,Wed Aug 17 17:00:20 2022
10439,Wed Aug 17 18:47:01 2022
10438,Wed Aug 17 20:39:05 2022
10438,Wed Aug 17 22:39:00 2022
10440,Thu Aug 18 03:05:28 2022
10441,Thu Aug 18 05:17:51 2022
10442,Thu Aug 18 06:49:06 2022
10441,Thu Aug 18 08:44:28 2022
10443,Thu Aug 18 10:43:10 2022
10445,Thu Aug 18 13:16:01 2022
10450,Thu Aug 18 17:10:32 2022
10450,Thu Aug 18 18:44:55 2022
10451,Thu Aug 18 20:41:01 2022
10452,Thu Aug 18 22:39:44 2022
10453,Fri Aug 19 02:56:14 2022
10454,Fri Aug 19 05:05:38 2022
10454,Fri Aug 19 06:49:15 2022
10453,Fri Aug 19 08:45:41 2022
10455,Fri Aug 19 10:43:39 2022
10456,Fri Aug 19 13:07:45 2022
10457,Fri Aug 19 14:37:58 2022
10460,Fri Aug 19 16:59:02 2022
10461,Fri Aug 19 18:49:03 2022
10461,Fri Aug 19 20:39:48 2022
10461,Fri Aug 19 22:40:34 2022
10462,Sat Aug 20 02:49:51 2022
10464,Sat Aug 20 04:56:07 2022
10463,Sat Aug 20 06:44:48 2022
10464,Sat Aug 20 08:44:04 2022
10466,Sat Aug 20 10:40:07 2022
10467,Sat Aug 20 13:00:08 2022
10467,Sat Aug 20 14:36:53 2022
10470,Sat Aug 20 16:51:20 2022
10471,Sat Aug 20 18:43:14 2022
10471,Sat Aug 20 20:38:41 2022
10471,Sat Aug 20 22:38:25 2022
10473,Sun Aug 21 02:52:38 2022
10475,Sun Aug 21 04:56:23 2022
10476,Sun Aug 21 06:45:03 2022
10476,Sun Aug 21 08:42:37 2022
10479,Sun Aug 21 10:39:50 2022
10480,Sun Aug 21 13:00:19 2022
10480,Sun Aug 21 14:36:38 2022
10482,Sun Aug 21 16:52:06 2022
10484,Sun Aug 21 18:43:23 2022
10486,Sun Aug 21 20:38:52 2022
10486,Sun Aug 21 22:38:38 2022
10487,Mon Aug 22 02:59:16 2022
10489,Mon Aug 22 05:30:29 2022
10489,Mon Aug 22 06:50:07 2022
10489,Mon Aug 22 08:47:06 2022
10489,Mon Aug 22 10:43:12 2022
10490,Mon Aug 22 13:13:14 2022
10491,Mon Aug 22 14:36:50 2022
10494,Mon Aug 22 16:54:03 2022
10496,Mon Aug 22 18:45:07 2022
10496,Mon Aug 22 20:38:57 2022
10496,Mon Aug 22 22:39:51 2022
10499,Tue Aug 23 03:08:29 2022
10500,Tue Aug 23 05:38:54 2022
10501,Tue Aug 23 06:55:56 2022
10502,Tue Aug 23 08:44:22 2022
10502,Tue Aug 23 10:41:27 2022
10504,Tue Aug 23 13:07:42 2022
10504,Tue Aug 23 14:37:44 2022
10504,Tue Aug 23 16:54:49 2022
10507,Tue Aug 23 18:44:54 2022
10507,Tue Aug 23 20:39:17 2022
10507,Tue Aug 23 22:39:13 2022
10510,Wed Aug 24 03:06:15 2022
10512,Wed Aug 24 05:30:01 2022
10512,Wed Aug 24 06:49:02 2022
10512,Wed Aug 24 08:44:54 2022
10514,Wed Aug 24 10:42:17 2022
10516,Wed Aug 24 13:07:43 2022
10516,Wed Aug 24 14:38:16 2022
10519,Wed Aug 24 16:52:17 2022
10520,Wed Aug 24 18:52:52 2022
10520,Wed Aug 24 20:39:29 2022
10521,Wed Aug 24 22:39:46 2022
10522,Thu Aug 25 03:08:41 2022
10524,Thu Aug 25 05:40:03 2022
10524,Thu Aug 25 06:59:18 2022
10525,Thu Aug 25 08:46:24 2022
10525,Thu Aug 25 10:43:39 2022
10527,Thu Aug 25 13:10:50 2022
10530,Thu Aug 25 14:37:41 2022
10532,Thu Aug 25 16:55:44 2022
10532,Thu Aug 25 18:45:05 2022
10532,Thu Aug 25 20:40:02 2022
10532,Thu Aug 25 22:39:24 2022
10536,Fri Aug 26 03:15:51 2022
10537,Fri Aug 26 05:44:03 2022
10538,Fri Aug 26 06:59:59 2022
10539,Fri Aug 26 08:45:06 2022
10540,Fri Aug 26 10:41:28 2022
10540,Fri Aug 26 13:06:05 2022
10542,Fri Aug 26 14:38:14 2022
10545,Fri Aug 26 16:56:13 2022
10545,Fri Aug 26 18:46:19 2022
10545,Fri Aug 26 20:39:40 2022
10544,Fri Aug 26 22:39:41 2022
10544,Sat Aug 27 03:02:50 2022
10545,Sat Aug 27 05:10:18 2022
10546,Sat Aug 27 06:45:47 2022
10547,Sat Aug 27 08:43:44 2022
10547,Sat Aug 27 10:40:20 2022
10547,Sat Aug 27 13:03:20 2022
10548,Sat Aug 27 14:37:04 2022
10549,Sat Aug 27 16:52:01 2022
10551,Sat Aug 27 18:43:59 2022
10551,Sat Aug 27 20:38:56 2022
10551,Sat Aug 27 22:38:34 2022
10552,Sun Aug 28 03:05:08 2022
10552,Sun Aug 28 05:09:27 2022
10555,Sun Aug 28 06:45:24 2022
10556,Sun Aug 28 08:43:08 2022
10558,Sun Aug 28 10:40:43 2022
10561,Sun Aug 28 13:01:33 2022
10562,Sun Aug 28 14:37:04 2022
10562,Sun Aug 28 16:52:15 2022
10561,Sun Aug 28 18:44:07 2022
10562,Sun Aug 28 20:39:25 2022
10561,Sun Aug 28 22:38:54 2022
10564,Mon Aug 29 03:11:43 2022
10564,Mon Aug 29 05:53:13 2022
10564,Mon Aug 29 07:01:01 2022
10565,Mon Aug 29 08:47:28 2022
10563,Mon Aug 29 10:44:09 2022
10564,Mon Aug 29 13:10:49 2022
10566,Mon Aug 29 14:38:53 2022
10565,Mon Aug 29 16:56:25 2022
10565,Mon Aug 29 18:46:13 2022
10565,Mon Aug 29 20:40:12 2022
10565,Mon Aug 29 22:39:53 2022
10570,Tue Aug 30 03:18:02 2022
10575,Tue Aug 30 05:56:13 2022
10575,Tue Aug 30 07:08:39 2022
10576,Tue Aug 30 08:45:35 2022
10576,Tue Aug 30 10:41:19 2022
10580,Tue Aug 30 13:13:28 2022
10581,Tue Aug 30 14:39:01 2022
10582,Tue Aug 30 16:59:07 2022
10584,Tue Aug 30 18:44:48 2022
10584,Tue Aug 30 20:40:06 2022
10584,Tue Aug 30 22:39:26 2022
10588,Wed Aug 31 03:30:32 2022
10590,Wed Aug 31 06:04:31 2022
10590,Wed Aug 31 07:13:25 2022
10590,Wed Aug 31 08:45:52 2022
10592,Wed Aug 31 10:42:15 2022
10593,Wed Aug 31 13:13:51 2022
10593,Wed Aug 31 14:38:52 2022
10593,Wed Aug 31 16:56:41 2022
10594,Wed Aug 31 18:45:24 2022
10594,Wed Aug 31 20:40:09 2022
10594,Wed Aug 31 22:41:10 2022
10594,Thu Sep  1 03:06:52 2022
10594,Thu Sep  1 05:36:43 2022
10595,Thu Sep  1 06:55:18 2022
10598,Thu Sep  1 08:47:53 2022
10598,Thu Sep  1 10:42:25 2022
10597,Thu Sep  1 13:10:04 2022
10598,Thu Sep  1 14:38:48 2022
10600,Thu Sep  1 16:57:23 2022
10601,Thu Sep  1 18:47:29 2022
10601,Thu Sep  1 20:39:20 2022
10601,Thu Sep  1 22:39:35 2022
10604,Fri Sep  2 03:13:04 2022
10605,Fri Sep  2 05:48:40 2022
10605,Fri Sep  2 07:01:48 2022
10604,Fri Sep  2 08:45:29 2022
10604,Fri Sep  2 10:42:16 2022
10607,Fri Sep  2 13:12:26 2022
10608,Fri Sep  2 14:37:54 2022
10610,Fri Sep  2 16:57:08 2022
10610,Fri Sep  2 18:46:20 2022
10610,Fri Sep  2 20:40:06 2022
10610,Fri Sep  2 22:40:15 2022
10611,Sat Sep  3 03:04:43 2022
10611,Sat Sep  3 05:12:48 2022
10611,Sat Sep  3 06:45:37 2022
10612,Sat Sep  3 08:44:12 2022
10615,Sat Sep  3 10:41:07 2022
10615,Sat Sep  3 13:01:27 2022
10617,Sat Sep  3 14:37:30 2022
10618,Sat Sep  3 16:52:45 2022
10618,Sat Sep  3 18:44:18 2022
10618,Sat Sep  3 20:39:13 2022
10618,Sat Sep  3 22:39:09 2022
10618,Sun Sep  4 03:12:51 2022
10618,Sun Sep  4 05:18:29 2022
10618,Sun Sep  4 06:45:23 2022
10619,Sun Sep  4 08:43:16 2022
10618,Sun Sep  4 10:40:33 2022
10622,Sun Sep  4 13:04:14 2022
10622,Sun Sep  4 14:37:16 2022
10625,Sun Sep  4 16:53:05 2022
10625,Sun Sep  4 18:44:10 2022
10625,Sun Sep  4 20:40:09 2022
10624,Sun Sep  4 22:39:23 2022
10627,Mon Sep  5 03:17:39 2022
10628,Mon Sep  5 05:47:48 2022
10628,Mon Sep  5 07:05:35 2022
10629,Mon Sep  5 08:45:02 2022
10629,Mon Sep  5 10:42:57 2022
10629,Mon Sep  5 13:11:41 2022
10628,Mon Sep  5 14:39:41 2022
10630,Mon Sep  5 16:56:57 2022
10632,Mon Sep  5 18:47:06 2022
10632,Mon Sep  5 20:40:16 2022
10632,Mon Sep  5 22:40:41 2022
10633,Tue Sep  6 03:22:02 2022
10635,Tue Sep  6 06:02:23 2022
10635,Tue Sep  6 07:20:26 2022
10635,Tue Sep  6 08:48:24 2022
10635,Tue Sep  6 10:43:09 2022
10635,Tue Sep  6 13:18:16 2022
10635,Tue Sep  6 14:40:40 2022
10640,Tue Sep  6 16:58:50 2022
10641,Tue Sep  6 18:47:52 2022
10641,Tue Sep  6 20:40:40 2022
10641,Tue Sep  6 22:41:16 2022
10640,Wed Sep  7 03:19:48 2022
10641,Wed Sep  7 05:59:09 2022
10642,Wed Sep  7 07:20:30 2022
10641,Wed Sep  7 08:48:51 2022
10641,Wed Sep  7 10:44:12 2022
10642,Wed Sep  7 13:26:09 2022
10643,Wed Sep  7 14:45:26 2022
10644,Wed Sep  7 16:59:36 2022
10644,Wed Sep  7 18:48:42 2022
10644,Wed Sep  7 20:44:27 2022
10644,Wed Sep  7 22:41:30 2022
10647,Thu Sep  8 03:17:23 2022
10647,Thu Sep  8 05:44:13 2022
10647,Thu Sep  8 07:05:11 2022
10649,Thu Sep  8 08:47:39 2022
10648,Thu Sep  8 10:44:32 2022
10649,Thu Sep  8 13:10:59 2022
10649,Thu Sep  8 14:37:13 2022
10654,Thu Sep  8 17:03:34 2022
10654,Thu Sep  8 18:49:08 2022
10655,Thu Sep  8 20:43:48 2022
10655,Thu Sep  8 22:42:25 2022
10654,Fri Sep  9 03:12:20 2022
10654,Fri Sep  9 05:38:32 2022
10654,Fri Sep  9 07:01:37 2022
10655,Fri Sep  9 08:49:56 2022
10655,Fri Sep  9 10:45:27 2022
10656,Fri Sep  9 13:22:12 2022
10656,Fri Sep  9 14:43:45 2022
10657,Fri Sep  9 16:59:10 2022
10658,Fri Sep  9 18:49:41 2022
10659,Fri Sep  9 20:42:53 2022
10659,Fri Sep  9 22:42:31 2022
10660,Sat Sep 10 03:13:50 2022
10662,Sat Sep 10 05:31:21 2022
10662,Sat Sep 10 06:51:54 2022
10662,Sat Sep 10 08:47:10 2022
10663,Sat Sep 10 10:43:02 2022
10664,Sat Sep 10 13:05:42 2022
10667,Sat Sep 10 14:39:01 2022
10668,Sat Sep 10 16:56:10 2022
10667,Sat Sep 10 18:47:39 2022
10667,Sat Sep 10 20:41:25 2022
10667,Sat Sep 10 22:41:10 2022
10670,Sun Sep 11 03:12:53 2022
10670,Sun Sep 11 05:22:15 2022
10670,Sun Sep 11 06:49:36 2022
10670,Sun Sep 11 08:45:20 2022
10671,Sun Sep 11 10:42:49 2022
10672,Sun Sep 11 13:06:17 2022
10673,Sun Sep 11 14:38:50 2022
10673,Sun Sep 11 16:56:23 2022
10673,Sun Sep 11 18:46:51 2022
10673,Sun Sep 11 20:43:38 2022
10673,Sun Sep 11 22:41:52 2022
10675,Mon Sep 12 03:25:26 2022
10676,Mon Sep 12 05:58:06 2022
10678,Mon Sep 12 07:12:03 2022
10677,Mon Sep 12 08:53:48 2022
10679,Mon Sep 12 10:45:17 2022
10684,Mon Sep 12 13:23:14 2022
10683,Mon Sep 12 14:45:21 2022
10684,Mon Sep 12 17:03:12 2022
10684,Mon Sep 12 18:50:20 2022
10684,Mon Sep 12 20:43:07 2022
10684,Mon Sep 12 22:42:36 2022
10690,Tue Sep 13 03:20:29 2022
10693,Tue Sep 13 05:55:28 2022
10694,Tue Sep 13 07:11:29 2022
10694,Tue Sep 13 08:49:06 2022
10694,Tue Sep 13 10:45:04 2022
10695,Tue Sep 13 13:23:17 2022
10696,Tue Sep 13 14:45:21 2022
10698,Tue Sep 13 17:00:48 2022
10699,Tue Sep 13 19:10:34 2022
10699,Tue Sep 13 20:42:17 2022
10699,Tue Sep 13 22:43:45 2022
10702,Wed Sep 14 03:15:43 2022
10705,Wed Sep 14 05:48:42 2022
10705,Wed Sep 14 07:09:05 2022
10705,Wed Sep 14 08:50:15 2022
10707,Wed Sep 14 10:44:53 2022
10707,Wed Sep 14 13:24:25 2022
10709,Wed Sep 14 14:46:41 2022
10709,Wed Sep 14 17:03:02 2022
10710,Wed Sep 14 18:49:44 2022
10710,Wed Sep 14 20:44:17 2022
10710,Wed Sep 14 22:42:50 2022
10713,Thu Sep 15 03:23:52 2022
10714,Thu Sep 15 05:45:43 2022
10718,Thu Sep 15 07:04:29 2022
10717,Thu Sep 15 08:52:20 2022
10716,Thu Sep 15 10:45:01 2022
10716,Thu Sep 15 13:24:51 2022
10717,Thu Sep 15 14:45:40 2022
10720,Thu Sep 15 16:59:26 2022
10720,Thu Sep 15 18:48:49 2022
10720,Thu Sep 15 20:45:32 2022
10720,Thu Sep 15 22:42:32 2022
10723,Fri Sep 16 03:25:33 2022
10723,Fri Sep 16 05:49:01 2022
10724,Fri Sep 16 07:04:24 2022
10724,Fri Sep 16 08:48:09 2022
10724,Fri Sep 16 10:47:18 2022
10725,Fri Sep 16 13:15:16 2022
10725,Fri Sep 16 14:47:57 2022
10727,Fri Sep 16 17:05:49 2022
10727,Fri Sep 16 18:51:44 2022
10727,Fri Sep 16 20:42:52 2022
10727,Fri Sep 16 22:43:51 2022
10727,Sat Sep 17 03:05:19 2022
10728,Sat Sep 17 05:21:52 2022
10727,Sat Sep 17 06:49:33 2022
10728,Sat Sep 17 08:47:24 2022
10728,Sat Sep 17 10:43:12 2022
10729,Sat Sep 17 13:06:24 2022
10729,Sat Sep 17 14:39:11 2022
10729,Sat Sep 17 16:57:26 2022
10730,Sat Sep 17 18:47:41 2022
10730,Sat Sep 17 20:41:54 2022
10730,Sat Sep 17 22:41:28 2022
10732,Sun Sep 18 03:26:25 2022
10731,Sun Sep 18 05:28:06 2022
10730,Sun Sep 18 06:50:32 2022
10729,Sun Sep 18 08:46:08 2022
10730,Sun Sep 18 10:43:09 2022
10730,Sun Sep 18 13:07:32 2022
10729,Sun Sep 18 14:39:14 2022
10732,Sun Sep 18 16:57:10 2022
10732,Sun Sep 18 18:47:54 2022
10732,Sun Sep 18 20:41:58 2022
10731,Sun Sep 18 22:41:38 2022
10734,Mon Sep 19 03:24:43 2022
10736,Mon Sep 19 05:54:03 2022
10736,Mon Sep 19 07:20:51 2022
10736,Mon Sep 19 08:54:29 2022
10736,Mon Sep 19 10:48:47 2022
10739,Mon Sep 19 13:24:40 2022
10740,Mon Sep 19 14:46:36 2022
10742,Mon Sep 19 17:04:04 2022
10742,Mon Sep 19 18:52:27 2022
10742,Mon Sep 19 20:44:00 2022
10742,Mon Sep 19 22:42:26 2022
10741,Tue Sep 20 03:15:55 2022
10743,Tue Sep 20 05:48:06 2022
10743,Tue Sep 20 07:03:28 2022
10745,Tue Sep 20 08:54:30 2022
10746,Tue Sep 20 10:45:48 2022
10747,Tue Sep 20 13:23:13 2022
10749,Tue Sep 20 14:49:48 2022
10749,Tue Sep 20 17:00:00 2022
10749,Tue Sep 20 18:50:07 2022
10749,Tue Sep 20 20:43:36 2022
10749,Tue Sep 20 22:45:53 2022
10751,Wed Sep 21 03:26:25 2022
10752,Wed Sep 21 05:50:37 2022
10753,Wed Sep 21 07:21:50 2022
10753,Wed Sep 21 08:53:49 2022
10753,Wed Sep 21 10:45:19 2022
10754,Wed Sep 21 13:25:44 2022
10757,Wed Sep 21 14:47:58 2022
10758,Wed Sep 21 17:06:04 2022
10758,Wed Sep 21 18:52:30 2022
10758,Wed Sep 21 20:43:18 2022
10759,Wed Sep 21 22:44:53 2022
10759,Thu Sep 22 03:11:16 2022
10758,Thu Sep 22 05:47:51 2022
10758,Thu Sep 22 07:07:37 2022
10758,Thu Sep 22 08:51:12 2022
10758,Thu Sep 22 10:45:24 2022
10762,Thu Sep 22 13:21:33 2022
10763,Thu Sep 22 14:46:10 2022
10764,Thu Sep 22 17:02:45 2022
10765,Thu Sep 22 18:49:48 2022
10765,Thu Sep 22 20:43:50 2022
10765,Thu Sep 22 22:43:40 2022
10766,Fri Sep 23 03:20:47 2022
10766,Fri Sep 23 05:45:52 2022
10765,Fri Sep 23 07:07:06 2022
10765,Fri Sep 23 08:52:49 2022
10766,Fri Sep 23 10:45:43 2022
10764,Fri Sep 23 13:20:40 2022
10765,Fri Sep 23 14:52:52 2022
10766,Fri Sep 23 17:04:36 2022
10767,Fri Sep 23 18:52:45 2022
10767,Fri Sep 23 20:43:34 2022
10767,Fri Sep 23 22:45:56 2022
10769,Sat Sep 24 03:21:00 2022
10769,Sat Sep 24 05:30:21 2022
10769,Sat Sep 24 06:53:17 2022
10769,Sat Sep 24 08:48:25 2022
10767,Sat Sep 24 10:43:23 2022
10766,Sat Sep 24 13:08:17 2022
10769,Sat Sep 24 14:39:23 2022
10768,Sat Sep 24 16:56:32 2022
10769,Sat Sep 24 18:48:38 2022
10769,Sat Sep 24 20:41:59 2022
10769,Sat Sep 24 22:41:35 2022
10772,Sun Sep 25 03:15:03 2022
10774,Sun Sep 25 05:21:27 2022
10774,Sun Sep 25 06:51:22 2022
10772,Sun Sep 25 08:47:34 2022
10774,Sun Sep 25 10:43:53 2022
10774,Sun Sep 25 13:07:59 2022
10774,Sun Sep 25 14:39:25 2022
10775,Sun Sep 25 16:56:51 2022
10774,Sun Sep 25 18:48:38 2022
10774,Sun Sep 25 20:42:12 2022
10774,Sun Sep 25 22:41:57 2022
10775,Mon Sep 26 03:25:14 2022
10776,Mon Sep 26 05:54:33 2022
10776,Mon Sep 26 07:09:21 2022
10777,Mon Sep 26 08:53:24 2022
10779,Mon Sep 26 10:45:45 2022
10779,Mon Sep 26 13:27:06 2022
10779,Mon Sep 26 14:51:29 2022
10780,Mon Sep 26 17:03:02 2022
10782,Mon Sep 26 18:52:36 2022
10782,Mon Sep 26 20:43:30 2022
10782,Mon Sep 26 22:44:29 2022
